,channelId,viewCount_x,subscriberCount,videoCount,keywords,title,thumbnailUrl,viewCount_y,videoId,tags,categoryId
0,UCVYamHliCI9rw1tHR1xbkfw,797484949,3660000,759,Technology reviews laptop gaming iphone android phones apple,GTX 10-Series for Laptops - 5 Things To Know,https://i.ytimg.com/vi/rH7SoJUpnNA/mqdefault.jpg,194681,rH7SoJUpnNA,"['Dave2D', 'Review', 'G752VS', 'GTX', '1080', '1070', '1060', 'Best Gaming Laptop', 'Benchmarks', 'Nvidia', 'Pascal', 'Nvidia mobile GPUs', 'laptop gaming', 'GTX 1070 Laptop', 'GTX 1080 Laptop', 'GTX 1060 Laptop', 'versus']",28
1,UCVYamHliCI9rw1tHR1xbkfw,797484949,3660000,759,Technology reviews laptop gaming iphone android phones apple,Razer Blade 14 (2023) - Something‚Äôs Weird‚Ä¶.,https://i.ytimg.com/vi/DEEc65x4SMs/mqdefault.jpg,640518,DEEc65x4SMs,"['Dave2D', 'Review', 'Razer blade', 'versus', 'g14']",28
2,UCVYamHliCI9rw1tHR1xbkfw,797484949,3660000,759,Technology reviews laptop gaming iphone android phones apple,M3 MacBook Pro Review - Space Black,https://i.ytimg.com/vi/qie7cfjnLAY/mqdefault.jpg,698374,qie7cfjnLAY,"['Dave2D', 'Review', 'm3', 'apple', 'm3 max', 'space black']",28
3,UCVYamHliCI9rw1tHR1xbkfw,797484949,3660000,759,Technology reviews laptop gaming iphone android phones apple,M2 Mac Mini Review - $600,https://i.ytimg.com/vi/aQCpnnxyvcY/mqdefault.jpg,646545,aQCpnnxyvcY,"['Dave2D', 'Review', 'Mac Mini', 'M2', 'M2 Pro Mac Mini', 'Cheapest Mac', 'best mac', 'which mac mini', 'versus mac', 'studio', 'versus', 'macbook']",28
4,UCVYamHliCI9rw1tHR1xbkfw,797484949,3660000,759,Technology reviews laptop gaming iphone android phones apple,15‚Äù M2 MacBook Air Review - FINALLY!,https://i.ytimg.com/vi/RIphIqHEdxY/mqdefault.jpg,821812,RIphIqHEdxY,"['Dave2D', 'Review', 'm2 macbook', 'versus', 'apple', 'best laptop', 'best macbook', '15 inch', '15']",28
5,UCVYamHliCI9rw1tHR1xbkfw,797484949,3660000,759,Technology reviews laptop gaming iphone android phones apple,2022 iPad Air 5 (M1) Review,https://i.ytimg.com/vi/pmCQtrKBALU/mqdefault.jpg,1001707,pmCQtrKBALU,"['Dave2D', 'Review', 'ipad pro', 'ipad air', 'apple', 'ipad m1', '2022 ipad', 'which ipad', 'best ipad']",28
6,UCVYamHliCI9rw1tHR1xbkfw,797484949,3660000,759,Technology reviews laptop gaming iphone android phones apple,Framework 16 - Performance vs Price...,https://i.ytimg.com/vi/Zy5MWFrb0Y8/mqdefault.jpg,642246,Zy5MWFrb0Y8,"['Dave2D', 'Framework', '16', 'versus', '4060', '3070', '3060', '4070', 'RX 7700s', 'AMD', 'Radeon']",28
7,UCVYamHliCI9rw1tHR1xbkfw,797484949,3660000,759,Technology reviews laptop gaming iphone android phones apple,Apple iPad Mini 2021 Review,https://i.ytimg.com/vi/7pzlQ69QslQ/mqdefault.jpg,984031,7pzlQ69QslQ,"['Dave2D', 'Review', 'ipad mini', 'ipad mini 6', 'ipad mini 2021', 'apple ipad', 'apple', 'ipad']",28
8,UCVYamHliCI9rw1tHR1xbkfw,797484949,3660000,759,Technology reviews laptop gaming iphone android phones apple,The NEW Razer Blade 16 + 18!,https://i.ytimg.com/vi/HAxRDYJBin8/mqdefault.jpg,737539,HAxRDYJBin8,"['Dave2D', 'Review']",28
9,UCVYamHliCI9rw1tHR1xbkfw,797484949,3660000,759,Technology reviews laptop gaming iphone android phones apple,The NEW Surface Pro + Laptop - First Impressions,https://i.ytimg.com/vi/2uvFqjsbemY/mqdefault.jpg,1003491,2uvFqjsbemY,"['Dave2D', 'Microsoft Surface', 'Laptop', 'Pro', 'AI', '2024', 'New', 'Versus', '13.8', '15', 'Asus Vivobook S15', 'Lenovo Yoga Slim 7X']",28
10,UCVYamHliCI9rw1tHR1xbkfw,797484949,3660000,759,Technology reviews laptop gaming iphone android phones apple,Alienware X14 Review - The Mini Laptop,https://i.ytimg.com/vi/rHA87rBVkk8/mqdefault.jpg,1032621,rHA87rBVkk8,"['Dave2D', 'Review', 'alienware 14', 'best gaming laptop', 'alienware x14', 'alienwarae 14x', 'small gaming laptop', 'smallest gaming laptop']",28
11,UCVYamHliCI9rw1tHR1xbkfw,797484949,3660000,759,Technology reviews laptop gaming iphone android phones apple,"""the best laptop mouse"" - Razer Orochi V2",https://i.ytimg.com/vi/8Uv-ffvBXOg/mqdefault.jpg,794025,8Uv-ffvBXOg,"['Dave2d', 'dave lee', 'razer orochi', 'razer orochi v2', 'razer orochi mouse', 'best laptop mouse', 'razer orochi wireless', 'best wireless mouse', 'orochi mouse', 'orochi mouse v2', 'razer laptop mouse', 'razer orochi vs g305', 'orochi vs g305', 'wireless gaming mouse', 'best wireless gaming mouse', 'review']",28
12,UCVYamHliCI9rw1tHR1xbkfw,797484949,3660000,759,Technology reviews laptop gaming iphone android phones apple,Samsung Galaxy Tab S8 Ultra Review!,https://i.ytimg.com/vi/JexvBG9J6qA/mqdefault.jpg,1688597,JexvBG9J6qA,"['Dave2D', 'Review', 'Samsung', 'Galaxy']",28
13,UCVYamHliCI9rw1tHR1xbkfw,797484949,3660000,759,Technology reviews laptop gaming iphone android phones apple,Keyboards Should Have Been Like This,https://i.ytimg.com/vi/DVfB_0s470I/mqdefault.jpg,365468,DVfB_0s470I,"['Dave2D', 'Review', 'best keyboard', 'ortho keyboard', 'ortho']",28
14,UCVYamHliCI9rw1tHR1xbkfw,797484949,3660000,759,Technology reviews laptop gaming iphone android phones apple,M2 MacBook Air vs. The Rest,https://i.ytimg.com/vi/YOSQIUGGdYE/mqdefault.jpg,1713505,YOSQIUGGdYE,"['Dave2D', 'Review', 'M2 MacBook Air', 'versus', 'XPS 13', 'XPS 13 Plus', 'OLED', 'ZenBook', 'windows laptops', 'students', 'm1']",28
15,UCVYamHliCI9rw1tHR1xbkfw,797484949,3660000,759,Technology reviews laptop gaming iphone android phones apple,"The M3 MacBook Air ""Problems""",https://i.ytimg.com/vi/UFV6wukB_Rg/mqdefault.jpg,909584,UFV6wukB_Rg,"['Dave2D', 'Review', 'm3 MacBook air', 'versus', 'm2 MacBook air', 'best macbook', 'which macbook']",28
16,UCVYamHliCI9rw1tHR1xbkfw,797484949,3660000,759,Technology reviews laptop gaming iphone android phones apple,M2 MacBook Air Review - Needs More Air,https://i.ytimg.com/vi/gqYaqBVT5vM/mqdefault.jpg,1333013,gqYaqBVT5vM,"['Dave2D', 'Review', '2022', 'm2 macbook air', 'versus macbook pro', 'versus m1 macbook air']",28
17,UCVYamHliCI9rw1tHR1xbkfw,797484949,3660000,759,Technology reviews laptop gaming iphone android phones apple,Razer Viper Mini Signature Edition... A $280 Mouse?! WTF,https://i.ytimg.com/vi/VdKqVmFSkI0/mqdefault.jpg,1063457,VdKqVmFSkI0,"['Dave2D', 'Review']",28
18,UCVYamHliCI9rw1tHR1xbkfw,797484949,3660000,759,Technology reviews laptop gaming iphone android phones apple,My Pixel 7 Pro Review,https://i.ytimg.com/vi/KGXYcumRkYk/mqdefault.jpg,1066008,KGXYcumRkYk,"['Dave2D', 'Review', 'pixel 7 pro', 'pixel 7', 'best android phone', 'versus', 'iPhone 14 pro', 'iPhone 14']",28
19,UCVYamHliCI9rw1tHR1xbkfw,797484949,3660000,759,Technology reviews laptop gaming iphone android phones apple,The NEW Asus ROG Zephyrus G16 and G14,https://i.ytimg.com/vi/Qr0Xvw9cjCU/mqdefault.jpg,699475,Qr0Xvw9cjCU,"['Dave2D', 'Review', 'Asus G16', 'G14', 'G16', 'versus', 'MacBook pro', 'macbook']",28
20,UCVYamHliCI9rw1tHR1xbkfw,797484949,3660000,759,Technology reviews laptop gaming iphone android phones apple,Razer vs Alienware Gaming Laptops,https://i.ytimg.com/vi/OsQymqWRu6Y/mqdefault.jpg,1210569,OsQymqWRu6Y,"['Dave2D', 'Review']",28
21,UCVYamHliCI9rw1tHR1xbkfw,797484949,3660000,759,Technology reviews laptop gaming iphone android phones apple,Only Apple Could Do This.,https://i.ytimg.com/vi/cy9b2v8Rhvs/mqdefault.jpg,888775,cy9b2v8Rhvs,"['Dave2D', 'Review', 'apple WWDC', 'WWDC', 'Apple Intelligence', 'AI', 'Apple AI']",28
22,UCVYamHliCI9rw1tHR1xbkfw,797484949,3660000,759,Technology reviews laptop gaming iphone android phones apple,"M1 Max MacBook Pro Review! (14"" + 16"")",https://i.ytimg.com/vi/IhqCC70ZfDM/mqdefault.jpg,2060742,IhqCC70ZfDM,"['Dave2D', 'Review', 'Apple MacBook', 'M1 Pro', 'M1 Max', 'versus', 'razer blade', 'best macbook', 'm1 max vs Pro', '14', 'macbook', 'pro', '2021', '16', 'macbook', 'pro', '2021']",28
23,UCVYamHliCI9rw1tHR1xbkfw,797484949,3660000,759,Technology reviews laptop gaming iphone android phones apple,M1 iMac Review - Better and Worse,https://i.ytimg.com/vi/E59xZyDFiJ8/mqdefault.jpg,1516969,E59xZyDFiJ8,"['Dave2d', 'review', 'dave lee', 'imac', 'apple imac', 'm1 imac', 'apple m1 imac', 'imac review', 'apple imac review', 'imac unboxing', 'apple imac unboxing', 'imac 2021 unboxing', 'apple imac 2021', 'apple imac 2021 unboxing', 'imac m1', 'imac 24 inch unboxing', 'imac 24 inch', 'apple imac m1 2021']",28
24,UCVYamHliCI9rw1tHR1xbkfw,797484949,3660000,759,Technology reviews laptop gaming iphone android phones apple,If You Want A More Powerful Steam Deck,https://i.ytimg.com/vi/KjJwTQ0hs2E/mqdefault.jpg,800324,KjJwTQ0hs2E,"['Dave2D', 'Review']",28
25,UCVYamHliCI9rw1tHR1xbkfw,797484949,3660000,759,Technology reviews laptop gaming iphone android phones apple,The Mystery Of MacBook Speakers,https://i.ytimg.com/vi/LkYB931iUjc/mqdefault.jpg,1113095,LkYB931iUjc,"['Dave2D', 'Review', 'macbook', 'apple', 'best laptop speakers', 'best laptop for audio', 'best laptop for music', 'best MacBook for music']",28
26,UCVYamHliCI9rw1tHR1xbkfw,797484949,3660000,759,Technology reviews laptop gaming iphone android phones apple,Beware the ASUS ROG Ally Reviews,https://i.ytimg.com/vi/C6VuSPPkTeY/mqdefault.jpg,1071758,C6VuSPPkTeY,"['Dave2D', 'Review', 'ROG ALLY', 'versus', 'steamdeck', 'ASUS', 'vs', 'ayaneo', 'ayaneo s2', 'battery', 'benchmark', 'performance']",28
27,UCVYamHliCI9rw1tHR1xbkfw,797484949,3660000,759,Technology reviews laptop gaming iphone android phones apple,Best Laptop for Students!,https://i.ytimg.com/vi/TEFIF8dX3yU/mqdefault.jpg,941279,TEFIF8dX3yU,"['Best Laptop', 'Cheapest Laptop', 'Back to school', 'Fall', 'Cheap', 'Dell', 'Razer']",28
28,UCVYamHliCI9rw1tHR1xbkfw,797484949,3660000,759,Technology reviews laptop gaming iphone android phones apple,My 2024 iPad Pro Review,https://i.ytimg.com/vi/bG2N4a0ir3A/mqdefault.jpg,933753,bG2N4a0ir3A,"['Dave2D', 'Review', 'apple', 'ipad', '13', '11', 'versus', 'iPad pro', 'iPad air']",28
29,UCVYamHliCI9rw1tHR1xbkfw,797484949,3660000,759,Technology reviews laptop gaming iphone android phones apple,Can You Replace a Laptop With a Tiny Computer?!,https://i.ytimg.com/vi/diRhFErwN_g/mqdefault.jpg,779752,diRhFErwN_g,"['Dave2D', 'Skull Canyon', 'intel', 'nuc', 'review', 'computer', 'pc', 'gaming', 'small form factor', 'desktop', 'rig', 'SFF', 'powerful', 'Iris Pro', 'Review']",28
30,UCVYamHliCI9rw1tHR1xbkfw,797484949,3660000,759,Technology reviews laptop gaming iphone android phones apple,Rabbit R1 - We Gotta Talk...,https://i.ytimg.com/vi/ZMqhE9r5JuI/mqdefault.jpg,618888,ZMqhE9r5JuI,"['Dave2D', 'Review', 'rabbit R1', 'humane Ai Pin']",28
31,UCVYamHliCI9rw1tHR1xbkfw,797484949,3660000,759,Technology reviews laptop gaming iphone android phones apple,The Moment We've Been Waiting For,https://i.ytimg.com/vi/rSx0WZfDbE0/mqdefault.jpg,889632,rSx0WZfDbE0,"['Dave2D', 'Review', 'Snapdragon X Elite', 'versus', 'macbook', 'air', 'apple', 'm3', 'best laptop', 'best gaming laptop', 'thinnest laptop', 'best laptop for students', 'ARM', 'windows on arm', 'copilot']",28
32,UCVYamHliCI9rw1tHR1xbkfw,797484949,3660000,759,Technology reviews laptop gaming iphone android phones apple,The NEW Lenovo LEGION Laptops!,https://i.ytimg.com/vi/MfhRUoF33aQ/mqdefault.jpg,710124,MfhRUoF33aQ,"['Dave2D', 'Review', 'legion laptop', 'gaming laptop', 'best gaming laptop', 'best laptop', 'legion versus', '14900HX', '14900', '14th gen']",28
33,UCVYamHliCI9rw1tHR1xbkfw,797484949,3660000,759,Technology reviews laptop gaming iphone android phones apple,iPhone 11 Pro - The Cycle Ends,https://i.ytimg.com/vi/uDqmLrpMz7A/mqdefault.jpg,1400340,uDqmLrpMz7A,"['Dave2D', 'Review', 'iphone', 'apple', 'best iphone', 'iOS 13', 'iOS', 'iphone 11', 'iphone 11 pro']",28
34,UCVYamHliCI9rw1tHR1xbkfw,797484949,3660000,759,Technology reviews laptop gaming iphone android phones apple,What Are These Companies Hiding? - Rabbit R1 / Humane AI Pin,https://i.ytimg.com/vi/OPoWMXqq62Q/mqdefault.jpg,1091826,OPoWMXqq62Q,"['Dave2D', 'Rabbit R1', 'Humane AI Pin', 'AI Assistant']",28
35,UCVYamHliCI9rw1tHR1xbkfw,797484949,3660000,759,Technology reviews laptop gaming iphone android phones apple,Let's Talk About That $699 iPhone 11,https://i.ytimg.com/vi/8MkyTIU_ZLk/mqdefault.jpg,1467413,8MkyTIU_ZLk,"['Dave2D', 'iphone 11', 'iphone', 'apple', '699', '700', 'cheaper iphone', 'cheapest iphone', 'best iphone', 'best budget iphone', 'best value iphone']",28
36,UCVYamHliCI9rw1tHR1xbkfw,797484949,3660000,759,Technology reviews laptop gaming iphone android phones apple,The Next Android Smartphones,https://i.ytimg.com/vi/U7HxYOaFr88/mqdefault.jpg,883416,U7HxYOaFr88,"['Dave2D', 'snapdragon 888', 'Samsung S21', 'S30', 'Galaxy S21', 'OnePlus 9', 'OnePlus 9 Pro', 'Oneplus 9E', 'Pixel XE', 'Pixel 6', 'Pixel X']",28
37,UCVYamHliCI9rw1tHR1xbkfw,797484949,3660000,759,Technology reviews laptop gaming iphone android phones apple,This Is the OnePlus 6... I Think.,https://i.ytimg.com/vi/ujws3_SLMPk/mqdefault.jpg,539243,ujws3_SLMPk,"['dave2d', 'dave lee', 'phone', 'phone 2018', 'smartphone', 'smartphone 2018', 'oneplus 6', 'oneplus 6 render', 'oneplus 6 concept', 'new oneplus', 'oneplus render', 'oneplus concept', 'one plus 6 first look']",28
38,UCVYamHliCI9rw1tHR1xbkfw,797484949,3660000,759,Technology reviews laptop gaming iphone android phones apple,Tesla Model 3 vs Model S - 5 Things Before Buying,https://i.ytimg.com/vi/6TcoAnk_Q-c/mqdefault.jpg,331895,6TcoAnk_Q-c,"['tesla', 'ev', 'model 3', 'electric car', 'Tesla Model 3', 'affordable Tesla', 'Tesla Model 3 price', 'Tesla Model 3 rumors', 'Tesla Model 3 vs Model S', 'Model 3', 'preordering', 'preorder']",2
39,UCVYamHliCI9rw1tHR1xbkfw,797484949,3660000,759,Technology reviews laptop gaming iphone android phones apple,What‚Äôs the 16‚úó16‚úó16 Laptop?,https://i.ytimg.com/vi/-GPgoiq-rdE/mqdefault.jpg,1281613,-GPgoiq-rdE,"['Dave2D', 'Review', 'msi PS63', 'best laptop', 'best gaming laptop', 'best laptop for students', 'longest battery life', 'longest battery life laptop', 'notebook', 'thinnest laptop', 'thinnest notebook', 'XPS 15', 'XPS 13', 'LG Gram 15', 'LG Gram 17', 'LG Gram', 'razer blade stealth']",28
40,UCVYamHliCI9rw1tHR1xbkfw,797484949,3660000,759,Technology reviews laptop gaming iphone android phones apple,Make the MacBook THICC Again,https://i.ytimg.com/vi/0FQ6WGJkLPs/mqdefault.jpg,1184777,0FQ6WGJkLPs,"['Dave2D', 'Review', 'macbook pro', '16 macbook', '16.5 macbook', '2019 macbook pro', 'best macbook', 'macbook problems', 'flexgate', 'stagelighting', 'stage lighting', 'butterfly switches', 'butterfly keyboard', 'problems with macbook keyboard']",28
41,UCVYamHliCI9rw1tHR1xbkfw,797484949,3660000,759,Technology reviews laptop gaming iphone android phones apple,Are the New AMD Laptops ACTUALLY Good?,https://i.ytimg.com/vi/khXwVtzhraI/mqdefault.jpg,802796,khXwVtzhraI,"['Dave2D', 'Review', 'zen 2', 'amd', 'ryzen 7', '4000', '4800U', '4800H', '9750H', '9980HK', 'versus', 'best', 'battery life']",28
42,UCVYamHliCI9rw1tHR1xbkfw,797484949,3660000,759,Technology reviews laptop gaming iphone android phones apple,ROG ALLY X - We Gotta Talk.,https://i.ytimg.com/vi/b6ymEz1PmBc/mqdefault.jpg,497322,b6ymEz1PmBc,"['Dave2D', 'Review', 'asus', 'ally', 'rog', 'ally X', 'ally 2', 'versus', 'steam deck', 'legion go']",28
43,UCVYamHliCI9rw1tHR1xbkfw,797484949,3660000,759,Technology reviews laptop gaming iphone android phones apple,LG G7 - The Phone I WANT to Love,https://i.ytimg.com/vi/WbGaqJehEHw/mqdefault.jpg,375069,WbGaqJehEHw,"['Dave2D', 'LG G7', 'vs', 'camera', 'AI', 'ThinQ', 'best phone', 'best smartphone', 'Samsung S9', 'galaxy', 'P20', 'P20 pro', 'samsung s9+', 'pixel 2 XL', 'pixel 2', 'LG G6', 'battery life', 'speed test', 'battery test']",28
44,UCVYamHliCI9rw1tHR1xbkfw,797484949,3660000,759,Technology reviews laptop gaming iphone android phones apple,MKBHD Didn't Expect This...,https://i.ytimg.com/vi/KnHZQ-Ng6WE/mqdefault.jpg,840350,KnHZQ-Ng6WE,"['Dave2D', 'Review', 'MKBHD', 'MKBHD shoe', 'M251', 'Atoms', 'MKBHD Sneaker', 'MKBHD 251', 'marques brownlee', 'Atoms 251', 'tech shoe', 'sandals', 'sneakers']",28
45,UCVYamHliCI9rw1tHR1xbkfw,797484949,3660000,759,Technology reviews laptop gaming iphone android phones apple,Intel Sent Their Secret Weapon,https://i.ytimg.com/vi/2vaVH0SJa3s/mqdefault.jpg,966233,2vaVH0SJa3s,"['Dave2D', 'Review']",28
46,UCVYamHliCI9rw1tHR1xbkfw,797484949,3660000,759,Technology reviews laptop gaming iphone android phones apple,Samsung Galaxy Z Flip - Thicker Than Your Wallet,https://i.ytimg.com/vi/YF3P2-I8bVc/mqdefault.jpg,696648,YF3P2-I8bVc,"['Dave2D', 'Review', 'samsung', 'Z flip', 's20', 's20 ultra', 'razr', 'versus', 'flip phone', 'best flip phone', 'galaxy']",28
47,UCVYamHliCI9rw1tHR1xbkfw,797484949,3660000,759,Technology reviews laptop gaming iphone android phones apple,Samsung Galaxy S21 - What Is Going On?,https://i.ytimg.com/vi/HLhG8U6ziqs/mqdefault.jpg,1242226,HLhG8U6ziqs,"['Dave2D', 'samsung galaxy s21', 'samsung galaxy s21 plus', 'samsung galaxy s21 ultra', 'samsung galaxy S21 +', 'galaxy s21', 'samsung s21']",28
48,UCVYamHliCI9rw1tHR1xbkfw,797484949,3660000,759,Technology reviews laptop gaming iphone android phones apple,XPS 13 Plus - Cleaner And Faster Than A MacBook!,https://i.ytimg.com/vi/6fPj6mj-M_k/mqdefault.jpg,2787660,6fPj6mj-M_k,"['Dave2D', 'Review', 'XPS 13 Plus', '9320', 'XPS 13', 'PRO']",28
49,UCVYamHliCI9rw1tHR1xbkfw,797484949,3660000,759,Technology reviews laptop gaming iphone android phones apple,What's Missing from iPad OS?,https://i.ytimg.com/vi/8wSYgT9shSY/mqdefault.jpg,730464,8wSYgT9shSY,"['Dave2D', 'Review', 'ipad pro', 'ios', '13', 'ipad os', 'ipados', 'new ipad']",28
50,UCeeFfhMcJa1kjtfZAGskOCA,525687717,1880000,1004,netlinked tech news pc computer gaming mobile phone desktop laptop apple mac,What is Google hiding?,https://i.ytimg.com/vi/DmzquINN6rM/mqdefault.jpg,485800,DmzquINN6rM,"['Techlinked', 'netlinked', 'Linus', 'Google', 'ios', 'App Store', 'update', 'privacy', 'nutrition labels', 'iOS 14', 'Shadow', 'Gmail', 'Google Maps', 'Google Photos', 'Google Drive', 'information', 'personal data', 'security']",28
51,UCeeFfhMcJa1kjtfZAGskOCA,525687717,1880000,1004,netlinked tech news pc computer gaming mobile phone desktop laptop apple mac,No Mac Is Safe...,https://i.ytimg.com/vi/Q17rcFIcREY/mqdefault.jpg,533478,Q17rcFIcREY,"['Techlinked', 'netlinked', 'Linus', 'Apple', 'Mac', 'virus', 'Silver Sparro', 'malware', 'hack', 'infected', 'macbook', 'mac mini', 'm1', 'processor', 'x86', 'intel mac', 'hacked', 'antivirus', 'macOS']",28
52,UCeeFfhMcJa1kjtfZAGskOCA,525687717,1880000,1004,netlinked tech news pc computer gaming mobile phone desktop laptop apple mac,AMD still loves us üòä,https://i.ytimg.com/vi/qlKubWocKkg/mqdefault.jpg,548489,qlKubWocKkg,"['Linus', 'LinusTechTips', 'tech news', 'Riley Murdock', 'tech', 'news', 'AMD', 'gpu', 'graphics card', 'RX 6600', 'pc gaming', 'stock shortage', 'shortage', 'chip shortage', 'GPU shortage', 'GPU stock', 'GPU price', 'MSRP', 'Radeon', 'release date', 'price', 'review', 'benchmarks']",28
53,UCeeFfhMcJa1kjtfZAGskOCA,525687717,1880000,1004,netlinked tech news pc computer gaming mobile phone desktop laptop apple mac,Apple killing the Touch Bar?!,https://i.ytimg.com/vi/hUdcurtyY4A/mqdefault.jpg,461841,hUdcurtyY4A,"['Techlinked', 'netlinked', 'Linus', 'Apple', 'Mac', 'Ming Chi Kuo', 'leaks', 'macbook pro', '16', '14', 'inch', '16 inch Macbook PRo', 'Apple Silicon', 'M2', 'M1', 'chip', 'processor', 'iMac redesign', 'Mac Pro', 'Intel', 'ARM', 'touch bar', 'magsafe']",28
54,UCeeFfhMcJa1kjtfZAGskOCA,525687717,1880000,1004,netlinked tech news pc computer gaming mobile phone desktop laptop apple mac,What A Disappointment.,https://i.ytimg.com/vi/JbKC1LUIBxg/mqdefault.jpg,688494,JbKC1LUIBxg,"['Linus', 'LinusTechTips', 'tech news', 'Riley Murdock', 'tech', 'news', 'Riley', 'Intel', 'Intel Arc', 'Intel Arc GPUs', 'paper launch', 'Arc laptops', 'Intel Arc mobile GPUs', 'laptops with Arc', 'Samsung Galaxy Book2 Pro', 'Acer Swift X', 'Arc GPU laptops', 'Arc 3', 'Arc 5', 'Arc 7']",28
55,UCeeFfhMcJa1kjtfZAGskOCA,525687717,1880000,1004,netlinked tech news pc computer gaming mobile phone desktop laptop apple mac,Wireless charging FASTER than Wired?,https://i.ytimg.com/vi/CCjlU7uLXgs/mqdefault.jpg,507215,CCjlU7uLXgs,"['Techlinked', 'netlinked', 'Linus', 'Xiaomi', 'wireless charging', '80W', '80 watt', '80 watts', 'Magsafe', 'iPhone 12', 'iPhone 12 Pro', 'iPhone 12 mini', 'speed', 'charging speed', 'phone']",28
56,UCeeFfhMcJa1kjtfZAGskOCA,525687717,1880000,1004,netlinked tech news pc computer gaming mobile phone desktop laptop apple mac,Sony Stole My Movies.,https://i.ytimg.com/vi/huj8ZeHccK4/mqdefault.jpg,454910,huj8ZeHccK4,"['Linus', 'LinusTechTips', 'tech news', 'Riley Murdock', 'tech', 'news', 'Riley', 'Sony', 'Playstation', 'Playstation Store', 'Playstation store movies', 'digital ownership', 'Sony movies', 'Studio Canal', 'Hunger Games', 'John Wick', 'Paddington', 'Austria', 'Germany']",28
57,UCeeFfhMcJa1kjtfZAGskOCA,525687717,1880000,1004,netlinked tech news pc computer gaming mobile phone desktop laptop apple mac,Apple Lost Again!!,https://i.ytimg.com/vi/y9qrAq7KBZY/mqdefault.jpg,587438,y9qrAq7KBZY,"['Linus', 'LinusTechTips', 'tech news', 'Riley Murdock', 'tech', 'news', 'Apple', 'Corellium', 'lawsuit', 'iOS', 'emulator', 'Apple lawsuit', 'Apple vs Corellium', 'Apple vs Epic', 'Epic vs Apple', 'Epic Games', 'Samsung', 'Unpacked', 'Samsung Unpacked 2021', 'Galaxy Z Fold 3', 'Galaxy Z Flip 3', 'Galaxy Watch 4', 'Galaxy Buds 2']",28
58,UCeeFfhMcJa1kjtfZAGskOCA,525687717,1880000,1004,netlinked tech news pc computer gaming mobile phone desktop laptop apple mac,What is Samsung DOING!?,https://i.ytimg.com/vi/JuvrBqmtbm4/mqdefault.jpg,408773,JuvrBqmtbm4,"['Techlinked', 'netlinked', 'Linus', 'Samsung', 'Galaxy Fold', 'teardown', 'censor', 'review', 'damage', 'issues', 'broken', 'screen', 'display', 'black screen', 'ifixit', 'failure', 'take down', 'epic games store', 'revenue', 'split', 'exclusive', 'steam']",28
59,UCeeFfhMcJa1kjtfZAGskOCA,525687717,1880000,1004,netlinked tech news pc computer gaming mobile phone desktop laptop apple mac,Dell wants to be Apple so bad...,https://i.ytimg.com/vi/5LdAEBimv5Q/mqdefault.jpg,596792,5LdAEBimv5Q,"['Linus', 'LinusTechTips', 'tech news', 'Riley Murdock', 'tech', 'news', 'Riley', 'Dell', 'Apple', 'memory', 'DDR5', 'GPUs', 'graphics cards', 'proprietary', 'locked in', 'right to repair', 'upgrade', 'DIY PC', 'laptops', 'Macbook', 'Macbook Pro', 'Dell Precision']",28
60,UCeeFfhMcJa1kjtfZAGskOCA,525687717,1880000,1004,netlinked tech news pc computer gaming mobile phone desktop laptop apple mac,Nvidia‚Äôs Insulting Us.,https://i.ytimg.com/vi/zOwIf8465d8/mqdefault.jpg,604740,zOwIf8465d8,"['Linus', 'LinusTechTips', 'tech news', 'Riley Murdock', 'tech', 'news', 'Riley', 'Nvidia', 'Geforce', 'GTX 1630', 'Geforce GTX 1630', 'Turing', 'GPU', 'graphics card', 'gaming graphics card', 'gaming GPU', 'GPU shortage', 'GPU prices', '1650', '1650 Super', 'Radeon', 'RX 6400', 'benchmarks', 'price', 'pc gaming', 'DIY PC', 'PC build']",28
61,UCeeFfhMcJa1kjtfZAGskOCA,525687717,1880000,1004,netlinked tech news pc computer gaming mobile phone desktop laptop apple mac,Overclock EVERYTHING...,https://i.ytimg.com/vi/sx56pURfgPs/mqdefault.jpg,394308,sx56pURfgPs,"['Techlinked', 'netlinked', 'Linus', 'overclock', 'cpu', 'intel cpu', 'overclock intel', 'ASRock', '10th gen', 'Comet Lake', 'Rocket Lake', 'Z490', 'Core i7', 'Core i5', 'Core i3', 'i7', 'i5', 'i3', 'overclock i3', 'overclock pentium']",28
62,UCeeFfhMcJa1kjtfZAGskOCA,525687717,1880000,1004,netlinked tech news pc computer gaming mobile phone desktop laptop apple mac,Facebook Does Not Care.,https://i.ytimg.com/vi/EULgEZ6HwCc/mqdefault.jpg,554430,EULgEZ6HwCc,"['Linus', 'LinusTechTips', 'tech news', 'Riley Murdock', 'tech', 'news', 'Facebook', 'Instagram', 'outage', 'Facebook down', 'Instagram down', 'connection', 'Unfollow everything', 'research', 'mental health', 'News Feed', 'impact', 'Facebook whistleblower', 'issues', 'connection issues', 'Whatsapp', 'Facebook issues', 'Facebook research']",28
63,UCeeFfhMcJa1kjtfZAGskOCA,525687717,1880000,1004,netlinked tech news pc computer gaming mobile phone desktop laptop apple mac,Do you like VRAM?,https://i.ytimg.com/vi/OW6bC6onLl4/mqdefault.jpg,446073,OW6bC6onLl4,"['Linus', 'LinusTechTips', 'tech news', 'Riley Murdock', 'tech', 'news', 'Riley', 'intel arc', 'how much vram memory does intel gpu have?', 'a770', '16GB', 'james strieb']",28
64,UCeeFfhMcJa1kjtfZAGskOCA,525687717,1880000,1004,netlinked tech news pc computer gaming mobile phone desktop laptop apple mac,"So much for PRIVACY, Apple...",https://i.ytimg.com/vi/Tmpx91Ch0io/mqdefault.jpg,733332,Tmpx91Ch0io,"['Linus', 'LinusTechTips', 'tech news', 'Riley Murdock', 'tech', 'news', 'Riley', 'Apple', 'Meta', 'Discord', 'Snap', 'hackers', 'EDR', 'user data', 'privacy', 'iPhone', 'iOS 15', 'hacker group', 'emergency data request', 'Snap Inc', 'Krebs on security']",28
65,UCeeFfhMcJa1kjtfZAGskOCA,525687717,1880000,1004,netlinked tech news pc computer gaming mobile phone desktop laptop apple mac,Apple Calls This 'Pro'?,https://i.ytimg.com/vi/EaRhaLhhakw/mqdefault.jpg,511714,EaRhaLhhakw,"['Linus', 'LinusTechTips', 'tech news', 'Riley Murdock', 'tech', 'news', 'Riley', 'Apple', 'M2', 'Macbook Pro', '13 inch Macbook pro', 'M2 SSD', 'M1 SSD', 'M2 SSD slow', 'speed', 'performance', 'review', 'benchmarks', 'Apple M2']",28
66,UCeeFfhMcJa1kjtfZAGskOCA,525687717,1880000,1004,netlinked tech news pc computer gaming mobile phone desktop laptop apple mac,Intel's Ultra-Bad Move,https://i.ytimg.com/vi/TTZxVJvA0kw/mqdefault.jpg,543853,TTZxVJvA0kw,"['Linus', 'LinusTechTips', 'tech news', 'Riley Murdock', 'tech', 'news', 'Riley', 'Intel', 'Intel Core', 'Meteor Lake', 'Raptor lake', 'Intel Core Ultra', 'Intel rebrand', 'rebrand', 'Core i3', 'Core i5', 'Core i7', 'Core i9', 'Core Ultra 5', 'Core Ultra', 'Intel 14th gen', 'Intel 13th gen', 'pc hardware', 'CPUs', 'PC building', 'build a pc']",28
67,UCeeFfhMcJa1kjtfZAGskOCA,525687717,1880000,1004,netlinked tech news pc computer gaming mobile phone desktop laptop apple mac,AMD Saves Intel! ‚ô•,https://i.ytimg.com/vi/JzMyn6ROV8g/mqdefault.jpg,496322,JzMyn6ROV8g,"['Linus', 'LinusTechTips', 'tech news', 'Riley Murdock', 'tech', 'news', 'Riley', 'AMD', 'Intel', 'FSR 2.0', 'Deathloop', 'PC gaming', 'gaming PC', 'upscaling', 'AI upscaling', 'DLSS', 'resolution', 'frame rate', 'Intel iGPU', 'Intel Xe', 'Intel ARc', 'RTX', 'graphics cards', 'GPU', 'FPS', 'boost FPS', 'Radeon']",28
68,UCeeFfhMcJa1kjtfZAGskOCA,525687717,1880000,1004,netlinked tech news pc computer gaming mobile phone desktop laptop apple mac,Apple made the FBI MAD,https://i.ytimg.com/vi/b-kpAfnd-gM/mqdefault.jpg,478120,b-kpAfnd-gM,"['Linus', 'LinusTechTips', 'tech news', 'Riley Murdock', 'tech', 'news', 'Riley', 'Apple', 'CSAM', 'encryption', 'iCloud', 'end to end encryption', 'E2E', 'privacy', 'security', 'scanning', 'photo scanning', 'backdoor', 'iCloud encryption']",28
69,UCeeFfhMcJa1kjtfZAGskOCA,525687717,1880000,1004,netlinked tech news pc computer gaming mobile phone desktop laptop apple mac,How to win the silicon lottery,https://i.ytimg.com/vi/bJhES0J5sT4/mqdefault.jpg,441373,bJhES0J5sT4,"['Techlinked', 'netlinked', 'Linus', 'Intel', 'Core i9', '9900KS', '5GHz', 'clock speeds', 'silicon lottery', 'bin', 'core i9 9900KS', 'chip', 'processor', 'special edition', 'vs', 'Ryzen', 'price', 'launch', 'release', 'review', 'benchmarks', 'performance']",28
70,UCeeFfhMcJa1kjtfZAGskOCA,525687717,1880000,1004,netlinked tech news pc computer gaming mobile phone desktop laptop apple mac,"Intel's first GPU is ""Super Okay!""",https://i.ytimg.com/vi/m-Ob3aq-wrg/mqdefault.jpg,980957,m-Ob3aq-wrg,"['Techlinked', 'netlinked', 'Linus', 'UK', 'Lockdown', 'NVIDIA', '3060 Ti', 'Intel', 'Iris XE Max', 'GPU', 'Graphics', 'PS5', 'Xbox', 'BitCoin', 'Facebook', 'Crysis']",28
71,UCeeFfhMcJa1kjtfZAGskOCA,525687717,1880000,1004,netlinked tech news pc computer gaming mobile phone desktop laptop apple mac,I want a Gaming Chromebook.,https://i.ytimg.com/vi/un9uq5rp_J0/mqdefault.jpg,504504,un9uq5rp_J0,"['Techlinked', 'netlinked', 'Linus', 'Steam', 'Chromebook', 'gaming', 'Chrome OS', 'gaming chromebook', 'gaming on chromebook', 'Steam on Chrome OS', 'Steam on Chromebook', 'install', 'install Steam on chromebook', 'Chrome OS games', 'Chrome OS gaming', 'how to install']",28
72,UCeeFfhMcJa1kjtfZAGskOCA,525687717,1880000,1004,netlinked tech news pc computer gaming mobile phone desktop laptop apple mac,When the Genius Bar Bricks Your Mac‚Ä¶,https://i.ytimg.com/vi/nHHBmVh34B8/mqdefault.jpg,542025,nHHBmVh34B8,"['Linus', 'LinusTechTips', 'tech news', 'Riley Murdock', 'tech', 'news', 'Riley', 'Apple', 'Mac', 'Mac Studio', 'macOS Monterey', 'macos', 'macOS 12.3', 'Universal control', 'bricked', 'bricked Macs', 'bricked Mac', 'fix mac', 'how to fix bricked mac', 'logic board', 'mac repair', 'M1 Ultra']",28
73,UCeeFfhMcJa1kjtfZAGskOCA,525687717,1880000,1004,netlinked tech news pc computer gaming mobile phone desktop laptop apple mac,Must... not... pre-order...,https://i.ytimg.com/vi/F47INLQX_SA/mqdefault.jpg,644542,F47INLQX_SA,"['Techlinked', 'netlinked', 'Linus', 'Samsung', 'Galaxy S21', 'Samsung Galaxy S21', 'preorder', 'purchase', 'release date', 'price', 'specs', 'display', 'camera', '2021 phones']",28
74,UCeeFfhMcJa1kjtfZAGskOCA,525687717,1880000,1004,netlinked tech news pc computer gaming mobile phone desktop laptop apple mac,YouTube Did Something Right!?,https://i.ytimg.com/vi/S9gQ4His98c/mqdefault.jpg,707147,S9gQ4His98c,"['Linus', 'LinusTechTips', 'tech news', 'Riley Murdock', 'tech', 'news', 'Riley', 'YouTube', 'Youtube spam', 'YouTube comments', 'YouTube moderation', 'increase strictness', 'YouTube bots', 'comment moderation', 'anti-spam', 'Luke Lafreniere', 'Luke LTT', 'WAN Show']",28
75,UCeeFfhMcJa1kjtfZAGskOCA,525687717,1880000,1004,netlinked tech news pc computer gaming mobile phone desktop laptop apple mac,Discord Store TAKES ON STEAM!,https://i.ytimg.com/vi/viZ1TUfVINU/mqdefault.jpg,337900,viZ1TUfVINU,"['Techlinked', 'netlinked', 'Linus', 'Samsung', 'Unpacked', 'Unpacked 2018', 'Galaxy Note 9', 'S pen', 'Bluetooth', 'Galaxy Watch', 'Galaxy Home', 'Bixby', 'Fortnite', 'Fortnite Android', 'exclusive', 'install', 'how to install fortnite', 'Android', 'Discord', 'Discord Store', 'Steam', 'Discord Nitro', 'Canada', 'Nvidia', 'RTX 1180', 'GTX 1180', 'RTX 2080', 'GTX 2080']",28
76,UCeeFfhMcJa1kjtfZAGskOCA,525687717,1880000,1004,netlinked tech news pc computer gaming mobile phone desktop laptop apple mac,Intel STEALS from Apple‚Ä¶,https://i.ytimg.com/vi/PQW0lt3Elj4/mqdefault.jpg,526221,PQW0lt3Elj4,"['Linus', 'LinusTechTips', 'tech news', 'Riley Murdock', 'tech', 'news', 'Riley', 'Apple Silicon', 'Intel', 'Jeff Wilcox', 'M1', 'M1 Max', 'M1 Pro', 'Intel engineer', 'Apple director', '2022', 'CES 2022', 'Apple CES 2022', 'Intel CES 2022', 'Intel CPU', '12900KS']",28
77,UCeeFfhMcJa1kjtfZAGskOCA,525687717,1880000,1004,netlinked tech news pc computer gaming mobile phone desktop laptop apple mac,"USB-C iPhones? Thanks, Europe!",https://i.ytimg.com/vi/ldJ-52jxL-0/mqdefault.jpg,762816,ldJ-52jxL-0,"['Linus', 'LinusTechTips', 'tech news', 'Riley Murdock', 'tech', 'news', 'Riley', 'Apple', 'EU', 'European Commission', 'European Union', 'European Parliament', 'USB-C', 'iPhone', 'USB-C iPhone', 'USB-C charger', 'mandate', 'EU law', 'Digital Services Act', 'iPhone with USB-C', 'iPhone USB-C', 'Apple USB-C', 'Big Tech']",28
78,UCeeFfhMcJa1kjtfZAGskOCA,525687717,1880000,1004,netlinked tech news pc computer gaming mobile phone desktop laptop apple mac,Macs are iPhones now!,https://i.ytimg.com/vi/Z6K1eOOsnGo/mqdefault.jpg,487090,Z6K1eOOsnGo,"['Techlinked', 'netlinked', 'Linus', 'Apple Silicon', 'M1', 'chip', 'ARM', 'Macbook Air', 'MAcbook Pro', 'MAc Mini', 'ARM Mac', 'Apple Silicon Macs', 'M1 Mac', 'M1 Macbook', 'A14']",28
79,UCeeFfhMcJa1kjtfZAGskOCA,525687717,1880000,1004,netlinked tech news pc computer gaming mobile phone desktop laptop apple mac,THE RTX 3090 COMETH,https://i.ytimg.com/vi/KclnA37sj6Q/mqdefault.jpg,581294,KclnA37sj6Q,"['Techlinked', 'netlinked', 'Linus', 'Nvidia', 'RTX 3090', 'Ampere', 'event', 'Nvidia event', 'livestream', 'announcement', 'graphics card', 'RTX 3080', 'video card', 'games', 'performance', 'ray tracing', 'specs', 'RTX 3090 price']",28
80,UCeeFfhMcJa1kjtfZAGskOCA,525687717,1880000,1004,netlinked tech news pc computer gaming mobile phone desktop laptop apple mac,Apple‚Äôs doing WHAT???,https://i.ytimg.com/vi/ipJb4mB5bMA/mqdefault.jpg,959412,ipJb4mB5bMA,"['Techlinked', 'netlinked', 'Linus', 'Apple', 'M1', 'M2', 'M1X', '32 cores', '8 cores', 'cores', 'core count', 'ARM', 'macbook pro', '2021', '2020', '16 inch macbook pro', 'Apple M1', 'Apple M2']",28
81,UCeeFfhMcJa1kjtfZAGskOCA,525687717,1880000,1004,netlinked tech news pc computer gaming mobile phone desktop laptop apple mac,A Whole New Tech Scandal,https://i.ytimg.com/vi/ISiBoUSZaWw/mqdefault.jpg,696064,ISiBoUSZaWw,"['Linus', 'LinusTechTips', 'tech news', 'Riley Murdock', 'tech', 'news', 'Riley', 'Nvidia', 'AMD', 'Zotac', 'ASUS', 'Gigabyte', 'PC hardware', 'PC components', 'tech reviewers', 'tech reviews', 'content creators', 'building PC', 'PC', 'PC builders', 'DIY PC', 'Tech Quotes', 'Mostafa', 'Yasser', 'Middle East']",28
82,UCeeFfhMcJa1kjtfZAGskOCA,525687717,1880000,1004,netlinked tech news pc computer gaming mobile phone desktop laptop apple mac,Apple‚Äôs Getting WAXED,https://i.ytimg.com/vi/oHdzmRzVM3A/mqdefault.jpg,575428,oHdzmRzVM3A,"['Linus', 'LinusTechTips', 'tech news', 'Riley Murdock', 'tech', 'news', 'Riley', 'Apple', 'iphone 14', 'iphone 14 pro', 'Brazil', 'no charger', 'iphone box charger', 'power adapter', 'Procon-DF', 'Brazil iphones', 'iphone ban']",28
83,UCeeFfhMcJa1kjtfZAGskOCA,525687717,1880000,1004,netlinked tech news pc computer gaming mobile phone desktop laptop apple mac,"Goodbye, Microsoft Notepad :(",https://i.ytimg.com/vi/dDrhXadKT_M/mqdefault.jpg,703775,dDrhXadKT_M,"['Techlinked', 'netlinked', 'Linus', 'Microsoft', 'Notepad', 'Windows', 'Microsoft Notepad', 'Windows Notepad', 'gone', 'paint', 'wordpad', 'windows 10', 'bring back']",28
84,UCeeFfhMcJa1kjtfZAGskOCA,525687717,1880000,1004,netlinked tech news pc computer gaming mobile phone desktop laptop apple mac,Macbook with a CORE i9!,https://i.ytimg.com/vi/YUwsSeEgh7A/mqdefault.jpg,342274,YUwsSeEgh7A,"['Techlinked', 'netlinked', 'Linus', 'Macbook', 'Core', 'i7', 'i9', 'Core-X', '8th gen', 'eighth-gen', 'Intel', 'Macbook 2018', 'refresh', 'touch bar', 'Xeon', 'Xeon E', 'Coffee Lake', 'Magic Leap', 'summer', '2018', 'augmented reality', 'AR', 'goggles']",28
85,UCeeFfhMcJa1kjtfZAGskOCA,525687717,1880000,1004,netlinked tech news pc computer gaming mobile phone desktop laptop apple mac,SEGA's First Console in Decades,https://i.ytimg.com/vi/gdQde6GXNuU/mqdefault.jpg,402472,gdQde6GXNuU,"['Techlinked', 'netlinked', 'Linus', 'Game Gear Micro', 'handheld', 'tiny', 'handheld console', 'Sega', 'Sega Game Gear Micro', 'games', 'game gear micro games', 'smallest']",28
86,UCeeFfhMcJa1kjtfZAGskOCA,525687717,1880000,1004,netlinked tech news pc computer gaming mobile phone desktop laptop apple mac,Making old GPUs NEW again!,https://i.ytimg.com/vi/Ayn-gUuN3c4/mqdefault.jpg,521964,Ayn-gUuN3c4,"['Linus', 'LinusTechTips', 'tech news', 'Riley Murdock', 'tech', 'news', 'Riley', 'chip shortage', 'supply shortage', 'stock shortage', 'shortage', 'supply chain', 'rtx 2060 12GB', 'GPU', 'graphics card', 'RTX 3080', 'GPU shortage', 'PC gaming', 'PC', 'DIY PC', 'PC building', 'build', 'build a PC', 'budget', 'gaming', 'Nvidia', 'geforce', 'RTX']",28
87,UCeeFfhMcJa1kjtfZAGskOCA,525687717,1880000,1004,netlinked tech news pc computer gaming mobile phone desktop laptop apple mac,A Microsoft Mac Mini??,https://i.ytimg.com/vi/NOvAs_n6evI/mqdefault.jpg,517176,NOvAs_n6evI,"['Linus', 'LinusTechTips', 'tech news', 'Riley Murdock', 'tech', 'news', 'Riley', 'Microsoft', 'Microsoft Build', 'Build 2022', 'Project Volterra', 'Arm', 'Windows on Arm', 'Visual Studio', 'Mac Mini', 'Microsoft Mac Mini', 'volterra', 'arm PC', 'arm mini pc', 'Snapdragon', 'arm vs x86', 'Computex 2022', 'mini PC', 'Windows Mac Mini', 'Apple M1', 'Apple Silicon', 'M1']",28
88,UCeeFfhMcJa1kjtfZAGskOCA,525687717,1880000,1004,netlinked tech news pc computer gaming mobile phone desktop laptop apple mac,Windows 11 keeps breaking things,https://i.ytimg.com/vi/KHvuXZB4-Ow/mqdefault.jpg,450676,KHvuXZB4-Ow,"['Linus', 'LinusTechTips', 'tech news', 'Riley Murdock', 'tech', 'news', 'Riley', 'Windows 11', 'Microsoft', 'W11', 'Win11', 'Samsung', 'Samsung 980 Pro', 'SSD', 'drive', 'storage drive', 'read write speeds', 'SSD performance', 'Windows 11 bug', 'Windows 11 update', 'Windows 11 update glitch', 'roll back']",28
89,UCeeFfhMcJa1kjtfZAGskOCA,525687717,1880000,1004,netlinked tech news pc computer gaming mobile phone desktop laptop apple mac,They're HACKING Supercomputers?!,https://i.ytimg.com/vi/6_s2mCrq724/mqdefault.jpg,456924,6_s2mCrq724,"['Techlinked', 'netlinked', 'Linus', 'Supercomputer', 'hacking', 'cryptomining', 'cryptominers', 'cryptomining attack', 'cryptomining hack', 'hackers', 'ARCHER', 'University of Edinburgh', 'Germany', 'Monero', 'cryptominer']",28
90,UCeeFfhMcJa1kjtfZAGskOCA,525687717,1880000,1004,netlinked tech news pc computer gaming mobile phone desktop laptop apple mac,So the PS5 IS better‚Ä¶,https://i.ytimg.com/vi/Dzsv7x0JcXE/mqdefault.jpg,668994,Dzsv7x0JcXE,"['Techlinked', 'netlinked', 'Linus', 'Sony', 'PS5', 'performance', 'teraflops', 'frame rate', 'fps', 'resolution', '60fps', '120fps', 'ray tracing', 'benchmark', 'PS5 vs. Xbox Series X', 'games', 'versus', 'comparison', 'best console', 'best console 2020']",28
91,UCeeFfhMcJa1kjtfZAGskOCA,525687717,1880000,1004,netlinked tech news pc computer gaming mobile phone desktop laptop apple mac,Apple v. Epic Games: Nobody Won,https://i.ytimg.com/vi/XqFQfaotKJI/mqdefault.jpg,487231,XqFQfaotKJI,"['Linus', 'LinusTechTips', 'tech news', 'Riley Murdock', 'tech', 'news', 'Apple', 'App store', 'iOS', 'Epic Games', 'Fortnite', 'Apple v. Epic', 'Epic v. Apple', 'vs', 'lawsuit', 'case', 'trial', 'ruling', 'Judge Yvonne Gonzalez Rogers', 'antitrust', 'monopoly', 'monopolist', 'payment', 'App Store payment', 'in-app purchases', 'link', 'anti-steering', 'injunction']",28
92,UCeeFfhMcJa1kjtfZAGskOCA,525687717,1880000,1004,netlinked tech news pc computer gaming mobile phone desktop laptop apple mac,The RX 7900 XT looks CRISPY,https://i.ytimg.com/vi/9xB7XKh25cQ/mqdefault.jpg,519376,9xB7XKh25cQ,"['Linus', 'LinusTechTips', 'tech news', 'Riley Murdock', 'tech', 'news', 'Riley', 'AMD', 'Radeon', 'RX 7000', 'RX 7900', 'RX 7900 XT', 'RX 7900 XTX', 'leaks', 'images', 'benchmarks', 'GPU', 'graphices card', 'RDNA 3', 'RDNA 3 launch', 'Radeon launch']",28
93,UCeeFfhMcJa1kjtfZAGskOCA,525687717,1880000,1004,netlinked tech news pc computer gaming mobile phone desktop laptop apple mac,Microsoft made Windows 11 EVEN WORSE‚Ä¶,https://i.ytimg.com/vi/6TfI7Z2L7Xw/mqdefault.jpg,1041973,6TfI7Z2L7Xw,"['Linus', 'LinusTechTips', 'tech news', 'Riley Murdock', 'tech', 'news', 'Windows 11', 'AMD', 'Ryzen', 'Windows 11 bugs', 'Windows 11 issues', 'Windows 11 upgrade', 'install Windows 11', 'TPM', 'cache latency', 'Ryzen Windows 11', 'bug', 'uninstall Windows 11', 'roll back', 'restore', 'Ryzen performance']",28
94,UCeeFfhMcJa1kjtfZAGskOCA,525687717,1880000,1004,netlinked tech news pc computer gaming mobile phone desktop laptop apple mac,Full Xbox Series X Specs REVEALED!,https://i.ytimg.com/vi/1TmnKafB3_k/mqdefault.jpg,775568,1TmnKafB3_k,"['Techlinked', 'netlinked', 'Linus', 'Xbox Series X', 'Specs', 'launch', 'release', 'details', 'Zen', 'CPU', 'RDNA 2', 'GPU', 'NVMe SSD', 'backwards compatible', 'games', 'gameplay', 'demo', 'Austin Evans']",28
95,UCeeFfhMcJa1kjtfZAGskOCA,525687717,1880000,1004,netlinked tech news pc computer gaming mobile phone desktop laptop apple mac,Where'd all the Geforce Now games go?,https://i.ytimg.com/vi/8TjfpO_BPDI/mqdefault.jpg,476736,8TjfpO_BPDI,"['Techlinked', 'netlinked', 'Linus', 'Nvidia', 'Geforce Now', 'Activision Blizzard', 'games', 'Overwatch', 'Call of Duty', 'Destiny 2', 'Activision', 'Blizzard', 'Geforce Now games', 'price', 'free']",28
96,UCeeFfhMcJa1kjtfZAGskOCA,525687717,1880000,1004,netlinked tech news pc computer gaming mobile phone desktop laptop apple mac,It was running on a PC‚Ä¶,https://i.ytimg.com/vi/MziFeockYB0/mqdefault.jpg,318294,MziFeockYB0,"['Techlinked', 'netlinked', 'Linus', 'Xbox Games Showcase', 'Halo Infinite', 'gameplay', 'trailer', 'Master Chief', 'graphics', 'PC', 'rendered', 'detail', 'Halo Infinite graphics']",28
97,UCeeFfhMcJa1kjtfZAGskOCA,525687717,1880000,1004,netlinked tech news pc computer gaming mobile phone desktop laptop apple mac,Xbox won the Console War.,https://i.ytimg.com/vi/zZLdwKjoM8Y/mqdefault.jpg,762258,zZLdwKjoM8Y,"['Techlinked', 'netlinked', 'Linus', 'Xbox', 'MLB The Show 21', 'Sony', 'Playstation', 'exclusive', 'Sony Interactive Entertainment', 'Game Pass', 'Xbox Game Pass']",28
98,UCeeFfhMcJa1kjtfZAGskOCA,525687717,1880000,1004,netlinked tech news pc computer gaming mobile phone desktop laptop apple mac,Is Apple in TROUBLE?,https://i.ytimg.com/vi/WuP8tOEbO60/mqdefault.jpg,645954,WuP8tOEbO60,"['Techlinked', 'netlinked', 'Linus', 'Apple', 'Epic Games', 'Arizona', 'bill', 'legislation', 'Coalition for App Fairness', 'iOS', 'App Store', 'payment methods', 'Arizona bill']",28
99,UCeeFfhMcJa1kjtfZAGskOCA,525687717,1880000,1004,netlinked tech news pc computer gaming mobile phone desktop laptop apple mac,AMD‚Äôs making BIG Moves,https://i.ytimg.com/vi/XYF-JDjaEHU/mqdefault.jpg,464043,XYF-JDjaEHU,"['Linus', 'LinusTechTips', 'tech news', 'Riley Murdock', 'tech', 'news', 'Riley', 'AMD', 'pc gaming', 'pc hardware', 'Ryzen', 'Ryzen 7040U', 'AMD Phoenix', 'APU', 'Apple', 'Apple M2', 'Radeon', 'RX 7950 XT', 'leaks', 'laptops', 'macbooks', 'ultra thin']",28
